7 Days to Die,Main Menu,https://www.youtube.com/watch?v=MRRhaBWc1vE,jeux
A Plague Tale Requiem,Main Title,https://www.youtube.com/watch?v=ycxP8CKepJ8,jeux
Ace Attorney Apollo Justice,A New Trial is in Session (Objection 2007),https://www.youtube.com/watch?v=5kI6-rGRmSI,jeux
Ace Attorney Phoenix Wright,Objection! 2001,https://www.youtube.com/watch?v=ANcuqk7x33o,jeux
Advance Wars Dual Strike,Jake's Theme,https://www.youtube.com/watch?v=Uhj8UOJDWVY,jeux
Age of Empires 2,Main Theme,https://www.youtube.com/watch?v=0WGKC2J3g_Y,jeux
Age of Mythology,Chocolate Outline,https://www.youtube.com/watch?v=CtZzvHBKzw0,jeux
Age of War,Main Theme,https://www.youtube.com/watch?v=eYXJ8LhlHFU,jeux
Alan Wake 2,Chapter Songs,https://www.youtube.com/watch?v=IzTrJ3RxeNQ,jeux
Albion Online,Main Theme,https://www.youtube.com/watch?v=BT8113CQ0K0,jeux
Alice: Madness Returns,Main Theme,https://www.youtube.com/watch?v=lnszT-8DMbQ,jeux
Among Us,Main Theme,https://www.youtube.com/watch?v=o7oKN3IkO4M,jeux
Angry Birds,Main Theme,https://www.youtube.com/watch?v=clnb7jiIvQM,jeux
Animal Crossing New Horizons,Main Theme,https://www.youtube.com/watch?v=oZEHhHoT7C8,jeux
Animal Crossing New Leaf,Title Theme,https://www.youtube.com/watch?v=YdRj7VxbDHY,jeux
Another Code: R,Back in Time,https://www.youtube.com/watch?v=sEfpOT4FtWU,jeux
Another Code: Two Memories,Another Code,https://www.youtube.com/watch?v=PBlfhZsTQao,jeux
Apex Legends,Main Theme,https://www.youtube.com/watch?v=Xq0joZ24D9Y,jeux
ARK: Survival Evolved,Main Theme,https://www.youtube.com/watch?v=rYyi_vvH2F8,jeux
Art Academy,Menu,https://www.youtube.com/watch?v=0wYr0kDWVt4,jeux
Assassin's Creed 2,Ezio's Familly,https://www.youtube.com/watch?v=FSVHx23ByhM,jeux
Assassin's Creed 3,Main Theme,https://www.youtube.com/watch?v=EevWu6A1LPM,jeux
Assassin's Creed 4 : Black Flag,Main Theme,https://www.youtube.com/watch?v=UNREuwdJCw0,jeux
Astro Bot,I Am Astro Bot,https://www.youtube.com/watch?v=sTrsOoECfac,jeux
Astroneer,Main Menu,https://www.youtube.com/watch?v=KkVhAyB-A0o,jeux
Back 4 Blood,Main Theme,https://www.youtube.com/watch?v=V5MU6Fd48Bc,jeux
Bad Piggies,Main Theme,https://www.youtube.com/watch?v=EgAOqt8I5ac,jeux
Balatro,Main Theme,https://www.youtube.com/watch?v=b95P2VBGOMo,jeux
Baldur's Gate 3,Down By The River,https://www.youtube.com/watch?v=zSVRtM1x9wQ,jeux
Banjo Kazooie,Main Title,https://www.youtube.com/watch?v=buOhUGJ9Pvc,jeux
Battleblock Theater,Main Menu,https://www.youtube.com/watch?v=DzTyNrqNVkk,jeux
Battlefield 1,Main Theme,https://www.youtube.com/watch?v=SV0IF4XVBlE,jeux
Battlefield 5,Classic Battlefield,https://www.youtube.com/watch?v=2otCTZrcwxE,jeux
Bayonetta,Let's Dance Boys!,https://www.youtube.com/watch?v=YCUe7UyA_Ec,jeux
Beat Saber,Beat Saber,https://www.youtube.com/watch?v=Rlr1cRWoh2s,jeux
Beyond Two Souls,Main Theme,https://www.youtube.com/watch?v=TbV3qwORBo0,jeux
Big Brain Academy,Title Theme,https://www.youtube.com/watch?v=B48vmKT9aAg,jeux
Bloodborne,"Gehrman, The First Hunter",https://www.youtube.com/watch?v=3V9zxXN1rx0,jeux
Bomberman,Stage Theme,https://www.youtube.com/watch?v=eNB8V1NPYc0,jeux
Borderlands,No Heaven,https://www.youtube.com/watch?v=xJUJ4zIs0kA,jeux
Borderlands 2,Main Menu Theme,https://www.youtube.com/watch?v=smfHyPv8MXo,jeux
Brain Age: Train Your Brain in Minutes a Day!,Title Screen,https://www.youtube.com/watch?v=RrbFLCSQCmo,jeux
Brawl Stars,Brawlentine,https://www.youtube.com/watch?v=-zteM2PXcTE,jeux
Brawlhalla,Menu,https://www.youtube.com/watch?v=EJL7rcZ0tpA,jeux
Broforce,Broforce Theme Song,https://www.youtube.com/watch?v=-0qlgvsQ9_o,jeux
Brotato,Liquid Glass,https://www.youtube.com/watch?v=YrsCvIJ4Abw,jeux
Burnout,Menu Music,https://www.youtube.com/watch?v=XBEtGNoQXms,jeux
Burnout Dominator,Burnout 2002 Reprise,https://www.youtube.com/watch?v=O85-qdk1d2Q,jeux
Business Tour,Main Theme,https://www.youtube.com/watch?v=jDPVy9q1en8,jeux
Cadence of Hyrule,Main Menu,https://www.youtube.com/watch?v=3o06FGyTEOM,jeux
Call of Duty: Black Ops,Rooftops,https://www.youtube.com/watch?v=wE3_zb2u7fE,jeux
Call of Duty: Black Ops II,Multiplayer Menu Theme Song,https://www.youtube.com/watch?v=sIWnz0x_pSQ,jeux
Call of Duty: Modern Warfare 2,Main Theme,https://www.youtube.com/watch?v=NPrqIgVpYrk,jeux
Castle Crashers,Four Brave Champions,https://www.youtube.com/watch?v=JawxAgo81Uk,jeux
Castlevania,Ending Theme Voyager,https://www.youtube.com/watch?v=D1V-R4QvgNE,jeux
Celeste,Prologue,https://www.youtube.com/watch?v=Ctuo3ws3EKs,jeux
Children of Mana,For The Glory,https://www.youtube.com/watch?v=SMxe-mvxU4s,jeux
Chrono Trigger,Chrono Trigger,https://www.youtube.com/watch?v=LVj6VbE8_JU,jeux
Civilization 6,Main Theme,https://www.youtube.com/watch?v=WQYN2P3E06s,jeux
Clair Obscur : Expedition 33,Lumière,https://www.youtube.com/watch?v=LpNVf8sczqU,jeux
Clash of Clans,Home Village 1,https://www.youtube.com/watch?v=Ko2en9F947s,jeux
Clash Royale,Menu,https://www.youtube.com/watch?v=uLuHDzcrrno,jeux
Club Penguin,Main Theme 2017,https://www.youtube.com/watch?v=pHOTDbttTzA,jeux
Conan Exiles,Main Theme,https://www.youtube.com/watch?v=VKKSOFJOx9M,jeux
Cooking Mama,Title Theme,https://www.youtube.com/watch?v=hu84AJmn43I,jeux
Cooking Mama Cookstar,Title Theme,https://www.youtube.com/watch?v=m5GH9xyneTg,jeux
Counter Strike 2,Main Menu,https://www.youtube.com/watch?v=aFt5_jhANHk,jeux
Counter Strike: Global Offensive,Main Menu Music Theme,https://www.youtube.com/watch?v=Rvi6c8toWJM,jeux
Crash Bandicoot,Crash Bandicoot 1 Theme,https://www.youtube.com/watch?v=4i8qAZOu5-g,jeux
Cult of the lamb,Praise the Lamb,https://www.youtube.com/watch?v=PoH5hC5PzSQ,jeux
Cuphead,Don't Deal With the Devil,https://www.youtube.com/watch?v=D6KXf-kXKIA,jeux
Cyberpunk 2077,The Rebel Path,https://www.youtube.com/watch?v=EegPbRtmzXY,jeux
Dark Souls 3,Main Theme,https://www.youtube.com/watch?v=ch6I15iBliE,jeux
Darkest Dungeon,Combat Music,https://www.youtube.com/watch?v=JYFU_RiefKk,jeux
Dave the Diver,Seals and Dolphins,https://www.youtube.com/watch?v=W8t6_RkvWjk,jeux
Dead by Daylight,Dead by Daylight Theme,https://www.youtube.com/watch?v=qKIsjbb8c7o,jeux
Dead Cells,Title,https://www.youtube.com/watch?v=caM1MxmV3Ps,jeux
Dead Island 2,Stay Alive,https://www.youtube.com/watch?v=xAI0lI4FE1o,jeux
Dead Rising 3,Please Remember My Name,https://www.youtube.com/watch?v=2s4_fMLqNkE,jeux
Detroit Become Human,Kara Main Theme,https://www.youtube.com/watch?v=VKQOjBOhdCM,jeux
Deus Ex: Human Revolution,Main Theme,https://www.youtube.com/watch?v=FUy87tpfNe4,jeux
Devil May Cry 3,Devils Never Cry,https://www.youtube.com/watch?v=xti_6Bzpa8A,jeux
Diablo 2,Tristram,https://www.youtube.com/watch?v=XheJnmLAwhk,jeux
Diner Dash,Main Theme,https://www.youtube.com/watch?v=K9VcT_q51xQ,jeux
Dispatch,Andrew Arcadi - Webs.,https://www.youtube.com/watch?v=F2RWQwpoU2w,jeux
Dofus,Incarnam 2.0,https://www.youtube.com/watch?v=FahJVvisMRY,jeux
Doki Doki Litterature Club,Main Theme,https://www.youtube.com/watch?v=BFSWlDpA6C4,jeux
Donkey Kong Country,Theme,https://www.youtube.com/watch?v=7XBJGVvYSBM,jeux
Donkey Kong Country Returns,Title Theme,https://www.youtube.com/watch?v=r5LSvHEduGE,jeux
Doom Eternal,The Only Thing They Fear Is You,https://www.youtube.com/watch?v=kpnW68Q8ltc,jeux
Draglade,Theme Song,https://www.youtube.com/watch?v=6eArgRKj7dI,jeux
Dragon Ball Xenoverse 2,Title Theme,https://www.youtube.com/watch?v=_VYGWOyXsIU,jeux
Dragon Ball Z Budokai 3,Intro Song,https://www.youtube.com/watch?v=4_-eEf91hwo,jeux
Dragon Ball Z Budokai Tenkaichi 3,Intro Song,https://www.youtube.com/watch?v=55KGua5iW0E,jeux
Dragon Quest 11,Main Theme,https://www.youtube.com/watch?v=waH3uNlwMo4,jeux
Dragon Quest Monsters Joker ,Intro,https://www.youtube.com/watch?v=VnG28-I3u5A,jeux
Drawn to Life,Title Theme,https://www.youtube.com/watch?v=VQVooI4NUhk,jeux
Dredge,Main Theme,https://www.youtube.com/watch?v=X9EmRhWSIqQ,jeux
DuckTales Remastered,Intro,https://www.youtube.com/watch?v=-aqL_CxPhPI,jeux
Dying Light,Harran,https://www.youtube.com/watch?v=yvpr0XGOqd4,jeux
Earthbound,Opening Credits,https://www.youtube.com/watch?v=jpnvKtb3ItU,jeux
Eco,Deep Morning,https://www.youtube.com/watch?v=eawMDoiyHYA,jeux
Eden Eternal,Title Screen,https://www.youtube.com/watch?v=aukjX9RYrFM,jeux
Elden Ring,Main Theme,https://www.youtube.com/watch?v=N2p_JFF4lR0,jeux
English Training,Peter Piper Syndrome,https://www.youtube.com/watch?v=mWlm2CTK82o,jeux
Euro Truck Simulator 2,Introduction,https://www.youtube.com/watch?v=CKpymgMrwfA,jeux
EVE Online,Below The Asteroids,https://www.youtube.com/watch?v=bbcsz8sb7Cg,jeux
F-Zero,Intro,https://www.youtube.com/watch?v=JKS_wJiDVF0,jeux
Fall Guys,Season 4 - Falling stars,https://www.youtube.com/watch?v=MeYlIy3-XAI,jeux
Fallout 3,Intro Song (I Don't Want to Set the World On Fire),https://www.youtube.com/watch?v=MC9muechLB0,jeux
Fallout 4,Main Theme,https://www.youtube.com/watch?v=6YmUufemZSM,jeux
Fallout 76,Main Theme,https://www.youtube.com/watch?v=i_7po_3Whl0,jeux
Fallout: New Vegas,Main Title,https://www.youtube.com/watch?v=l7eeEprQ0x4,jeux
Farcry 4,The Clash - Should I Stay Or Should I Go,https://www.youtube.com/watch?v=eYI60PBMBDk,jeux
Farcry 5,Amazing Grace,https://www.youtube.com/watch?v=rCzdVRfItHU,jeux
Fellowship,Main Theme,https://www.youtube.com/watch?v=0EubHEeKABg,jeux
Final Fantasy,Main Theme,https://www.youtube.com/watch?v=O8IBoFIFE-E,jeux
Final Fantasy Fables : Chocobo Tales,Opening,https://www.youtube.com/watch?v=BmkcFFvdkkg,jeux
Fire Emblem Awakening,Prologue,https://www.youtube.com/watch?v=0NeBOcI84tw,jeux
Fire Emblem: Fates,Abundant Solace,https://www.youtube.com/watch?v=NqMkdg2WXUc,jeux
Firewatch,Prologue,https://www.youtube.com/watch?v=U6jJdVrmUP0,jeux
Five Nights at Freddy's,Music Box,https://www.youtube.com/watch?v=LhKlCp5Sh9I,jeux
Flappy Bird,Gameplay,https://www.youtube.com/watch?v=HzvpOtyJYGs,jeux
Fortnite,Menu Theme,https://www.youtube.com/watch?v=bBfgS9XvWME,jeux
FTL: Faster Than Light,Space Cruiser,https://www.youtube.com/watch?v=nbuXDKbWF9w,jeux
Furi,Danger - 6:24,https://www.youtube.com/watch?v=8QpUGCXwOks,jeux
Genshin Impact,Main Theme,https://www.youtube.com/watch?v=EEYMlUVKmyE,jeux
God of War,God of War,https://www.youtube.com/watch?v=y9hh91-2iaA,jeux
Gran Turismo 4,Arcade Mode,https://www.youtube.com/watch?v=6pyhHlxVzj4,jeux
Grand Theft Auto 3,Main Theme,https://www.youtube.com/watch?v=znFpxo61WUg,jeux
Grand Theft Auto 4,Main Theme,https://www.youtube.com/watch?v=CzK662lKeOs,jeux
Grand Theft Auto 5,Main Theme,https://www.youtube.com/watch?v=KzKvPrIPVbE,jeux
Grand Theft Auto San Andreas,Main Theme,https://www.youtube.com/watch?v=qOzL8-u3fjo,jeux
Green Hell,Main Theme,https://www.youtube.com/watch?v=KvrNQkOTIXY,jeux
Hades,The Exalted,https://www.youtube.com/watch?v=FLK0pr3r3XA,jeux
Halo,Theme Song,https://www.youtube.com/watch?v=0jXTBAGv9ZQ,jeux
Harvest Moon DS,Opening Theme,https://www.youtube.com/watch?v=GQ7uSVcGjTo,jeux
Hearthstone,Main Title,https://www.youtube.com/watch?v=j_vLgPptLp8,jeux
Heavy Rain,Ethan Mars' Main Theme,https://www.youtube.com/watch?v=o7-7-E-G270,jeux
Helldivers 2,A Cup Of Liber-Tea,https://www.youtube.com/watch?v=R5hCkh2AH58,jeux
Hogwarts Legacy,Ouverture to the Unwritten,https://www.youtube.com/watch?v=eCyMy9ZStnM,jeux
Hollow Knight,Enter Hallownest,https://www.youtube.com/watch?v=243Uguc-6mQ,jeux
Hollow Knight Silksong,Choral Chambers,https://www.youtube.com/watch?v=FTicXQYw2ts,jeux
Horizon Zero Dawn,Aloy's Theme,https://www.youtube.com/watch?v=_w9B7uwLZeI,jeux
Hotel Dusk: Room 215,Monochrome,https://www.youtube.com/watch?v=4Hav61IRdnw,jeux
Hotline Miami,M.O.O.N - 'Hydrogen',https://www.youtube.com/watch?v=SNE2oCZH_4k,jeux
Human Fall Flat,Labour,https://www.youtube.com/watch?v=lqfZk45kR14,jeux
Hyrule Warriors,Main Theme,https://www.youtube.com/watch?v=L4P_ji9lnBM,jeux
Inazuma Eleven,Main Theme,https://www.youtube.com/watch?v=InZvb3cRzy0,jeux
Inazuma Eleven Strikers,Opening,https://www.youtube.com/watch?v=AS9ZjNh1bCA,jeux
Inazuma Eleven: Victory Road,Main Theme,https://www.youtube.com/watch?v=MO2q3NHhFC0,jeux
Injustice: Gods Among Us,Injustice: Gods Among Us,https://www.youtube.com/watch?v=Nns38j4UvU8,jeux
Islands of Insight,Title,https://www.youtube.com/watch?v=Ah2NMNEwbrE,jeux
Izuna: The Legend of the Ninja,Title,https://www.youtube.com/watch?v=m9x9cu5HXs8,jeux
Jet Set Radio,That's Enough,https://www.youtube.com/watch?v=L-YlavHw4cE,jeux
Jet Set Radio Future,Oldies But Happies,https://www.youtube.com/watch?v=hVem8ZFLZVA,jeux
Just Cause 2,Main Title,https://www.youtube.com/watch?v=3Q58WTrJjYY,jeux
Just Dance 4,Title / Menu,https://www.youtube.com/watch?v=YgeTILtPlUY,jeux
Katana Zero,Version,https://www.youtube.com/watch?v=CfSwxETYAd8,jeux
Kerbal Space Program,Build Mode,https://www.youtube.com/watch?v=ng5NA-j7y7A,jeux
Kid Icarus Uprising,The Return of Palutena,https://www.youtube.com/watch?v=BFCC-ER97Y8,jeux
Kingdom Hearts,Title Screen,https://www.youtube.com/watch?v=ixSrQI-J-80,jeux
Kirby and the Forgotten Land,Two Planets Approach the Roche limit,https://www.youtube.com/watch?v=Paw4n5xmqxQ,jeux
Kirby: Super Star,Gourmet Race,https://www.youtube.com/watch?v=Se1uh3PS78Y,jeux
Kirby's Dream Land 3,Grass Land,https://www.youtube.com/watch?v=5M2pwNUpET4,jeux
LA Noire,Main Theme,https://www.youtube.com/watch?v=4WmQFDVuU1k,jeux
Last Window: Secret of Cape West,Silent Tears,https://www.youtube.com/watch?v=O-Zb-_GQhAM,jeux
League of Legends,All Pings 2023 Sounds,https://www.youtube.com/watch?v=_rHmbplZpuo,jeux
Left 4 dead,Tank,https://www.youtube.com/watch?v=WhiGnj7QX2A,jeux
Left 4 Dead 2,Intro Song,https://www.youtube.com/watch?v=3M3uarvzsOs,jeux
Lethal Company,Mid Day,https://www.youtube.com/watch?v=QeUpi-mw_Ec,jeux
Life is Strange,To All Of You By Syd Matters,https://www.youtube.com/watch?v=LnG6icGIm0o,jeux
Little Missfortune,Let's Play,https://www.youtube.com/watch?v=o0n84rVCAMo,jeux
Little Nightmares,Trailer Soundtrack #1,https://www.youtube.com/watch?v=gF3QWGwNPPU,jeux
Lost Ark,Main Theme,https://www.youtube.com/watch?v=ImLUK7HyaC4,jeux
Lost in Blue 2,Start Menu Theme,https://www.youtube.com/watch?v=4MswJpUeL5I,jeux
Luigi's Mansion,Theme Song,https://www.youtube.com/watch?v=0uaIuzOaWpk,jeux
Mario & Sonic at the London 2012 Olympic Games,Main Theme,https://www.youtube.com/watch?v=AaZAy5g_SCs,jeux
Mario & Sonic at The Olympic Games,Main Menu,https://www.youtube.com/watch?v=jWkBiHcf7c0,jeux
Mario and Luigi: Partners in Time,Main Title,https://www.youtube.com/watch?v=GNxZ_izoC8I,jeux
Mario Basket 3-on-3,Main Theme,https://www.youtube.com/watch?v=ehAZmNS6BPI,jeux
Mario Kart 7,Main Title Theme,https://www.youtube.com/watch?v=eHJrBX68KeQ,jeux
Mario Kart 8,Main Theme,https://www.youtube.com/watch?v=YWkbfwTN46Y,jeux
Mario Kart Double Dash,Main Theme,https://www.youtube.com/watch?v=AC9aGiH8mlA,jeux
Mario Kart DS,Title Screen,https://www.youtube.com/watch?v=zIAZNPc9Nuc,jeux
Mario Kart Wii,Title Theme,https://www.youtube.com/watch?v=9at-MMF_X8E,jeux
Mario Kart World,Main Theme,https://www.youtube.com/watch?v=5oV9hjX3UNQ,jeux
Mario Party,Opening Theme,https://www.youtube.com/watch?v=L5-4JteXr8M,jeux
Mario Party 8,Welcome to Mario Party!,https://www.youtube.com/watch?v=PZVNi6L7g54,jeux
Mario Party DS,Grand Opening,https://www.youtube.com/watch?v=GmrB-nDIp1I,jeux
Mario vs. Donkey Kong ,Title Screen,https://www.youtube.com/watch?v=tw6cnhgz-Gw,jeux
Mario vs. Donkey Kong 2,Title Screen,https://www.youtube.com/watch?v=UTEGZjIu1Ok,jeux
Marvel Rivals,Main Menu,https://www.youtube.com/watch?v=0B9seGmDzXE,jeux
Mega Man 2,Intro Opening Theme,https://www.youtube.com/watch?v=ZT9DST_M_g8,jeux
Mega Man X,Title,https://www.youtube.com/watch?v=KVGv1Kejhy8,jeux
Metal Gear Rising: Revengeance,A Stranger I Remain Extended,https://www.youtube.com/watch?v=h-rj8HVW3PQ,jeux
Metal Gear Solid,Main Theme,https://www.youtube.com/watch?v=EzzJ9Z2sF5Y,jeux
Metal Gear Solid 3,Main Theme,https://www.youtube.com/watch?v=jaxJQ6CifHw,jeux
Metroid,Title Theme,https://www.youtube.com/watch?v=M-U3sVX2G3w,jeux
Metroid Prime,Title Theme,https://www.youtube.com/watch?v=15_PGFMJ4E4,jeux
Middle-earth: Shadow of Mordor,The Gravewalker,https://www.youtube.com/watch?v=xQ9OpOJOEWs,jeux
Miitopia,Title Screen,https://www.youtube.com/watch?v=KVkxTr4WJF0,jeux
Minecraft,Wet Hands,https://www.youtube.com/watch?v=lq1vZxM-Iic,jeux
Monster Hunter,Main Theme,https://www.youtube.com/watch?v=p1fEV6QbCww,jeux
Moonlighter,Beyond the Gates,https://www.youtube.com/watch?v=ijMoJ82NtP8,jeux
Mortal Kombat 1,Main Theme,https://www.youtube.com/watch?v=LWpvnU4hjS4,jeux
Mount Your Friends,Start Menu,https://www.youtube.com/watch?v=BIqYSC3CgS8,jeux
MySims,Main / Pause Menu,https://www.youtube.com/watch?v=2KYpgJdOp2Y,jeux
Need for Speed,Styles of Beyond - Nine Thou,https://www.youtube.com/watch?v=ubWL8VAPoYw,jeux
New Super Mario Bros.,Title,https://www.youtube.com/watch?v=gT_xfyhmYV8,jeux
New World,Embark,https://www.youtube.com/watch?v=TyFnQvr5Pzw,jeux
Nier Automata,Main Menu Music,https://www.youtube.com/watch?v=wc5fowb4voQ,jeux
Nintendogs,Ville de Toulouse,https://www.youtube.com/watch?v=c9E21bjeUAo,jeux
No Man's Sky,Supermoon - 65daysofstatic,https://www.youtube.com/watch?v=Nru86VmoEK4,jeux
Nostale,Milano Village,https://www.youtube.com/watch?v=hs3uQzw-0Ag,jeux
Nostos,Main Theme,https://www.youtube.com/watch?v=qhy2hkprNXY,jeux
Octopath Traveler,メインテーマ -,https://www.youtube.com/watch?v=sR1OHW_IReI,jeux
Okami,Ushiwaka's Dance,https://www.youtube.com/watch?v=60FJDw9qcFk,jeux
Once Human,Loading Screen,https://www.youtube.com/watch?v=qDDax9eL8Rs,jeux
Ori and the Blind Forest,"Ori, Lost In the Storm",https://www.youtube.com/watch?v=DvWp2h1R2ck,jeux
Outer Wilds,End Times,https://www.youtube.com/watch?v=t5vG4Be1Ci8,jeux
Overcooked,Main Menu,https://www.youtube.com/watch?v=WZbQrsR09KE,jeux
Overwatch,Main Menu Theme,https://www.youtube.com/watch?v=o25J0kMScRo,jeux
Pac-Man,Original Theme,https://www.youtube.com/watch?v=LMHZ3jfSqfc,jeux
Palworld,The Beginning,https://www.youtube.com/watch?v=4VS3wh49Avw,jeux
Payday 2,Mayhem Dressed in a Suit,https://www.youtube.com/watch?v=nwTfKjbKiuM,jeux
Peak,Airport,https://www.youtube.com/watch?v=si8MFGL_NE8,jeux
PepsiMan,Title,https://www.youtube.com/watch?v=VrJBcqvEO_A,jeux
Persona 5,Life Will Change,https://www.youtube.com/watch?v=CGwH6rZk7VM,jeux
Phasmophobia,Music Box,https://www.youtube.com/watch?v=GSBugUi1578,jeux
PixArk,Main Theme,https://www.youtube.com/watch?v=o3t-mTcga84,jeux
Planet Coaster,Main Menu Song,https://www.youtube.com/watch?v=IidS719MxbA,jeux
Plants vs. Zombies,Main Theme,https://www.youtube.com/watch?v=4w3VqzwJ1j4,jeux
PlateUp!,Main Theme,https://www.youtube.com/watch?v=E9s5B3zWge8,jeux
PlayerUnknown's Battlegrounds,Main Theme,https://www.youtube.com/watch?v=Ze38kD1ZNfo,jeux
Pokémon Black/White,Driftveil City,https://www.youtube.com/watch?v=xc_0wfIuuzw,jeux
Pokémon Dash,Main Title,https://www.youtube.com/watch?v=_Qm1uJc4B3E,jeux
Pokémon GO,Professor Theme,https://www.youtube.com/watch?v=RdC0GRsAIr0,jeux
Pokémon HeartGold/SoulSilver,Game Corner / Lucky Channel,https://www.youtube.com/watch?v=Jb6Kwd8KWNg,jeux
Pokémon Link!,Main Theme,https://www.youtube.com/watch?v=Qf9e_dxicoI,jeux
Pokémon Mystery Dungeon: Explorers of Sky,Theme,https://www.youtube.com/watch?v=2n4idpzoK0A,jeux
Pokémon Platinum,Cynthia Battle Music,https://www.youtube.com/watch?v=rXefFHRgyE0,jeux
Pokémon Ranger,Title Theme,https://www.youtube.com/watch?v=c-7FDXjQJEU,jeux
Pokémon Red/Blue,Opening,https://www.youtube.com/watch?v=JvKoBnv96PM,jeux
Pokémon Trading Card Game,Title Screen,https://www.youtube.com/watch?v=vMRP-q-IPJI,jeux
Portal,Radio Loop,https://www.youtube.com/watch?v=jcxeENnM0yI,jeux
Prey,Everything Is Going to Be Ok,https://www.youtube.com/watch?v=7TRdx2tbUFI,jeux
Professor Layton And The Curious Village,Professor Layton's Theme,https://www.youtube.com/watch?v=lL6on-bOybk,jeux
Prominence Poker,Main Menu Theme,https://www.youtube.com/watch?v=XOqGEy3nU3c,jeux
Punch-Out,Theme,https://www.youtube.com/watch?v=ndaP9iieaok,jeux
R.E.P.O,Main Menu,https://www.youtube.com/watch?v=qhEanZR6hrc,jeux
Raft,Theme Menu,https://www.youtube.com/watch?v=BlIckQiQs7g,jeux
Ratchet & Clank,Original Soundtrack,https://www.youtube.com/watch?v=Q00O5mXjiNg,jeux
Ravenswatch,Main Theme,https://www.youtube.com/watch?v=avXjvG_vbg0,jeux
Rayman,Main Theme,https://www.youtube.com/watch?v=SIXqoUb4S24,jeux
Red Dead Redemption 2,Intro Music,https://www.youtube.com/watch?v=aMxtdlDMiMo,jeux
Resident Evil 5,Winds of Madness,https://www.youtube.com/watch?v=3OLax-NenP8,jeux
Rhythm Paradise,Title,https://www.youtube.com/watch?v=Y34WtegEado,jeux
Rhythm Thief,Louvre Museum Invasion,https://www.youtube.com/watch?v=YlJU-SScRHk,jeux
Rimworld,Waiting For The Sun,https://www.youtube.com/watch?v=V52QTyn6e-A,jeux
Rise of the Tomb Raider,The Car Chase,https://www.youtube.com/watch?v=IK7hb-6iGxs,jeux
Risk of Rain 2,Chris Christodoulou - Risk of Rain 2,https://www.youtube.com/watch?v=RUN6Kqd9xgs,jeux
Robocraft,Menu,https://www.youtube.com/watch?v=_3Uk1JvF-Rc,jeux
Rocket League,Theme,https://www.youtube.com/watch?v=jrB6DLpIDaA,jeux
Rust,Warpath,https://www.youtube.com/watch?v=iFLaL2vfJfI,jeux
Saints Row 4,Main Theme,https://www.youtube.com/watch?v=ayfAf5UftRc,jeux
Satisfactory,Ficsit inc,https://www.youtube.com/watch?v=txJ69R9d9ig,jeux
Schedule 1,that sinking feeling,https://www.youtube.com/watch?v=hTSjTcxzg-Q,jeux
Scribblenauts Unlimited,Title Screen,https://www.youtube.com/watch?v=GgROUa5NRjk,jeux
SCUM,Main Theme,https://www.youtube.com/watch?v=wjzUnBg6XK8,jeux
Sea of Thieves,Pipe et jambe de bois,https://www.youtube.com/watch?v=54XcftT4m-U,jeux
Secret of Mana,Fear of the heavens,https://www.youtube.com/watch?v=O0sh_BICiz4,jeux
Shadow of the Colossus,Prologue,https://www.youtube.com/watch?v=Pdi1DSqBZ6Q,jeux
Shin Megami Tensei V,Demi Fiend Battle,https://www.youtube.com/watch?v=BktkqrD1azo,jeux
Shovel Knight,Strike the Earth! Plains of Passage,https://www.youtube.com/watch?v=wqAYMZSOQao,jeux
Silent Hill,Theme,https://www.youtube.com/watch?v=w2cK8mOG4Q8,jeux
SimAnimals,Theme,https://www.youtube.com/watch?v=o8Szztr31Z0,jeux
Skate 3,Lover's Leap,https://www.youtube.com/watch?v=IrEfB4mhMSs,jeux
Sky: Children of The Light,Eye of Eden,https://www.youtube.com/watch?v=vXOCwRWqcVA,jeux
Slay the Spire,The Awakened One,https://www.youtube.com/watch?v=JJozg3Xn6tA,jeux
Sleeping Dogs,Dance of The Yi People,https://www.youtube.com/watch?v=7iH8Qc9-gA8,jeux
Solatorobo,"And Then, To Coda",https://www.youtube.com/watch?v=jJthgbSQqBY,jeux
Sonic Adventures 2,LIVE AND LEARN,https://www.youtube.com/watch?v=MQak222RrEg,jeux
Sonic Colours,Reach for the Stars,https://www.youtube.com/watch?v=5eUswq5owJk,jeux
Sonic the Hedgehog,Green Hill Zone,https://www.youtube.com/watch?v=G-i8HYi1QH0,jeux
Sons Of The Forest,Hey You,https://www.youtube.com/watch?v=Gvc7LSvS78Q,jeux
Spider-Man 2,Pizza Theme,https://www.youtube.com/watch?v=czTksCF6X8Y,jeux
Splatoon 3,Splattack!,https://www.youtube.com/watch?v=-UHJyrstdPc,jeux
Spore,Menu,https://www.youtube.com/watch?v=o1JGYc1XHAw,jeux
Spyro The Dragon,Title Screen,https://www.youtube.com/watch?v=YvFRWKklC6c,jeux
Star Wars: Battlefront 2,Main Menu Music,https://www.youtube.com/watch?v=dZAxYnYGRpY,jeux
Stardew Valley,Ouverture,https://www.youtube.com/watch?v=FQSHcl6TJb4,jeux
Steep,Hanging on the Mont-Blanc,https://www.youtube.com/watch?v=6O4Wwctef0U,jeux
Stranded Deep,Main Theme,https://www.youtube.com/watch?v=HNkM4Z8kOyM,jeux
Stray,Control Room,https://www.youtube.com/watch?v=tX_pIVPUi_E,jeux
Street Fighters 2,Guile Theme,https://www.youtube.com/watch?v=TgAtfjRg72w,jeux
Subnautica,Salutations,https://www.youtube.com/watch?v=pQsQKtxG9D0,jeux
Subnautica Below Zero,Below Zero,https://www.youtube.com/watch?v=FvAc2H8rncs,jeux
Super Mario 3D Land,Title Theme,https://www.youtube.com/watch?v=-fEt-Ax11vI,jeux
Super Mario 64,Inside the Castle Walls,https://www.youtube.com/watch?v=KTHsSI_1Clw,jeux
Super Mario Bros.,Overworld Theme,https://www.youtube.com/watch?v=L4PxvY2gjP0,jeux
Super Mario Galaxy,Comet Observatory 2 ,https://www.youtube.com/watch?v=AImuGOyEM6g,jeux
Super Mario Galaxy 2,Sky Station Galaxy,https://www.youtube.com/watch?v=Y5uGrLUr_3g,jeux
Super Mario Kart,Title Screen,https://www.youtube.com/watch?v=eyGQCjPF1-c,jeux
Super Mario Odyssey,"Jump Up, Super Star!",https://www.youtube.com/watch?v=e9r5hx47kxM,jeux
Super Mario Party,Introduction,https://www.youtube.com/watch?v=hL0JhdBJXU8,jeux
Super Mario Party Jamboree,Main Theme,https://www.youtube.com/watch?v=ASpNOnis6Co,jeux
Super Mario Sunshine,Delfino Plaza,https://www.youtube.com/watch?v=uVCAnYTkyIo,jeux
Super Mario World,Title Theme,https://www.youtube.com/watch?v=PXYIReEQ24g,jeux
Super Meat Boy,Forest Funk,https://www.youtube.com/watch?v=3xHttYIwocY,jeux
Super Metroid,Title Theme,https://www.youtube.com/watch?v=8NoEvgpvDQc,jeux
Super Princess Peach,Title Screen,https://www.youtube.com/watch?v=WJUHKbPcT0Y,jeux
Super Smash Bros. Brawl,Main Theme,https://www.youtube.com/watch?v=LFb3kCsy_-8,jeux
Super Smash Bros. Melee,Opening,https://www.youtube.com/watch?v=e_p6DDsVvk0,jeux
Super Smash Bros. Ultimate,Main Theme,https://www.youtube.com/watch?v=EhgDibw7vB4,jeux
Superhot,Zardonic - Superhot,https://www.youtube.com/watch?v=KXQSTjKyJio,jeux
Team Fortress 2,Main Theme,https://www.youtube.com/watch?v=PDM2qukzKwg,jeux
Tekken 8,My Last Stand,https://www.youtube.com/watch?v=9r3KK77vFgc,jeux
Temtem,Zadar,https://www.youtube.com/watch?v=or1vkJI9z3w,jeux
Terraria,Day,https://www.youtube.com/watch?v=x23I8f9PwlI,jeux
Tetris,Tetris Theme,https://www.youtube.com/watch?v=NmCCQxVBfyM,jeux
The Binding of Isaac,Theme,https://www.youtube.com/watch?v=of_2Bfh7ZhA,jeux
The Elder Scrolls IV Oblivion,Harvest Dawn,https://www.youtube.com/watch?v=XpJEg6MTPzc,jeux
The Elder Scrolls V : Skyrim,Far Horizons,https://www.youtube.com/watch?v=pPWVfCtnGyg,jeux
The Escapists 2,Main Theme,https://www.youtube.com/watch?v=TkM88tuTYxA,jeux
THE FINALS,The World’s Greatest Game Show,https://www.youtube.com/watch?v=2o-bwqYv9bk,jeux
The Last of Us,Gustavo Santaolalla - The Last of Us,https://www.youtube.com/watch?v=Pt1pOY3_W64,jeux
The Legend of Zelda,Theme Song,https://www.youtube.com/watch?v=cGufy1PAeTU,jeux
The Legend of Zelda : Breath of the Wild,Theme,https://www.youtube.com/watch?v=cPWBG6_jn4Y,jeux
The Legend of Zelda : Majora's Mask,"Clock Town Day 1, Day 2, Day 3 & Final Hours",https://www.youtube.com/watch?v=K0kXVfqPrLs,jeux
The Legend of Zelda : Ocarina of Time,Kokiri Forest,https://www.youtube.com/watch?v=aQ6Fq-LfDZQ,jeux
The Legend of Zelda : The Windwaker,Dragon Roost Island,https://www.youtube.com/watch?v=SXGGvsHq6iA,jeux
The Legend of Zelda : Twilight Princess,Hyrule Field,https://www.youtube.com/watch?v=t6JgG__XbRA,jeux
The Planet Crafter,Base Building,https://www.youtube.com/watch?v=iu1pT6Vrx2k,jeux
The Sims 2,Main Theme,https://www.youtube.com/watch?v=lF90l7zWHMg,jeux
The Sims 2 Castaway,Theme Song,https://www.youtube.com/watch?v=zY7NTVaeXA8,jeux
The Urbz: Sims in the City,Title Screen,https://www.youtube.com/watch?v=WQ0aMmxUPYE,jeux
The Witcher 3,Ladies of the Woods,https://www.youtube.com/watch?v=9FeZYagK4BQ,jeux
TheSims 3,Main Theme,https://www.youtube.com/watch?v=vZ3SmVpFSLQ,jeux
TheSims 4,It's the Sims,https://www.youtube.com/watch?v=pUUjACezjOY,jeux
Throne and Liberty,Throne Theme,https://www.youtube.com/watch?v=Yiftt78C2Uw,jeux
Tom Clancy's Rainbow Six : Siege,Paul Haslinger - Load Out,https://www.youtube.com/watch?v=g6T7T3AxqhM,jeux
Tomb Raider,Main Theme,https://www.youtube.com/watch?v=VIqvSNDIlTs,jeux
Tomodachi Life,Introduction/Local Play,https://www.youtube.com/watch?v=zEkEZTHIGkE,jeux
Trauma Center: Under the Knife,Main Menu Theme,https://www.youtube.com/watch?v=Jc21YEQfS1k,jeux
Trove,Peaceful Hub,https://www.youtube.com/watch?v=G4dHf6z8zBM,jeux
ULTRAKILL,That one part from War Without Reason,https://www.youtube.com/watch?v=dS-mwjziWpI,jeux
Uncharted 4,Nate's Theme 4.0,https://www.youtube.com/watch?v=YEZhF_98cIc,jeux
UNDERTALE,MEGALOVANIA,https://www.youtube.com/watch?v=0FCvzsVlXpQ,jeux
Uno,Main Menu,https://www.youtube.com/watch?v=xSE6dL27WTM,jeux
Unsolved Crimes,Select,https://www.youtube.com/watch?v=WeCs0Z0tXRE,jeux
Until Dawn,O' Death,https://www.youtube.com/watch?v=9DpdyXLJiiw,jeux
Unturned,Theme Song,https://www.youtube.com/watch?v=g8bgJzW7LfU,jeux
Use Your Words,Main Menu,https://www.youtube.com/watch?v=IC9cQynnbLo,jeux
V Rising,Main Theme,https://www.youtube.com/watch?v=sL0op_Sk9fI,jeux
Valheim,Sailing,https://www.youtube.com/watch?v=YHWiPt-3O3A,jeux
Valorant,Loading / Main Theme,https://www.youtube.com/watch?v=mx7fQOnt82E,jeux
Wakfu,Incarnam,https://www.youtube.com/watch?v=FyS6QIFkATc,jeux
WarioWare: Touched!,Opening,https://www.youtube.com/watch?v=x5jjXvRPHqM,jeux
Watch Dogs,DeFaLT - Chase Music,https://www.youtube.com/watch?v=O0J-j1IZJv8,jeux
Waven,Menu,https://www.youtube.com/watch?v=PpYSTImvCl4,jeux
Wii Party,Main Menu,https://www.youtube.com/watch?v=rAzRQ_2j9z8,jeux
Wii Sports,Title Screen,https://www.youtube.com/watch?v=GxFD9s7yVcU,jeux
Wii Sports Resort,Title Screen,https://www.youtube.com/watch?v=xnxqn22-qMk,jeux
World of Warcraft,Legends of Azeroth,https://www.youtube.com/watch?v=800be1ZmGd0,jeux
Worms - Open Warfare 2,Intro,https://www.youtube.com/watch?v=AgXuLmDkMAc,jeux
Xenoblade Chronicles,Main Theme,https://www.youtube.com/watch?v=erKkWGfEW9U,jeux
Yakuza,Baka Mitai,https://www.youtube.com/watch?v=g3jCAyPai2Y,jeux
Yoshi's Island,Athletic,https://www.youtube.com/watch?v=oKJ2EZnnZRE,jeux
Zenith: Nexus,Endgame Area,https://www.youtube.com/watch?v=2ieSlK1aXwM,jeux
ZeroRanger,The Sea Has Returned,https://www.youtube.com/watch?v=GlHKKdtLuqo,jeux